{
  "info": {
    "name": "Voces Visuales API",
    "schema": "https://schema.getpostman.com/json/collection/v2.1.0/collection.json"
  },
  "item": [
    {
      "name": "Register",
      "request": {
        "method": "POST",
        "header": [],
        "body": {
          "mode": "raw",
          "raw": "{\"name\": \"Test\", \"email\": \"test@example.com\", \"password\": \"pass123\"}"
        },
        "url": {
          "raw": "http://localhost:4000/api/auth/register"
        }
      }
    },
    {
      "name": "Login",
      "request": {
        "method": "POST",
        "header": [],
        "body": {
          "mode": "raw",
          "raw": "{\"email\": \"test@example.com\", \"password\": \"pass123\"}"
        },
        "url": {
          "raw": "http://localhost:4000/api/auth/login"
        }
      }
    },
    {
      "name": "List posters",
      "request": {
        "method": "GET",
        "header": [],
        "url": {
          "raw": "http://localhost:4000/api/posters"
        }
      }
    }
  ]
}